"ensemble","user.self","sys.self","elapsed","user.child","sys.child","version","git"
1,0.614999999999782,0.0120000000000005,0.627000000000407,0,0,"3.1.1","Github (JGCRI/hector@738257a895314306a870a1c2e7f6eee1230f2b62)"
5,3.07299999999941,0.0499999999999972,3.1239999999998,0,0,"3.1.1","Github (JGCRI/hector@738257a895314306a870a1c2e7f6eee1230f2b62)"
10,6.09400000000005,0.0939999999999941,6.18699999999808,0,0,"3.1.1","Github (JGCRI/hector@738257a895314306a870a1c2e7f6eee1230f2b62)"
100,62.4639999999999,0.780999999999992,63.3369999999995,0,0,"3.1.1","Github (JGCRI/hector@738257a895314306a870a1c2e7f6eee1230f2b62)"
1000,631.029,8.41,640.148999999998,0,0,"3.1.1","Github (JGCRI/hector@738257a895314306a870a1c2e7f6eee1230f2b62)"
10000,6337.765,93.73,6471.305,0,0,"3.1.1","Github (JGCRI/hector@738257a895314306a870a1c2e7f6eee1230f2b62)"
